{
  "https://cdn.askmeoffers.com/flag-stroke-16.svg" : {
    "transaction" : "https://cdn.askmeoffers.com/flag-stroke-16.svg",
    "sampleCount" : 20,
    "errorCount" : 20,
    "errorPct" : 100.0,
    "meanResTime" : 947.4,
    "medianResTime" : 947.5,
    "minResTime" : 914.0,
    "maxResTime" : 985.0,
    "pct1ResTime" : 975.6,
    "pct2ResTime" : 984.55,
    "pct3ResTime" : 985.0,
    "throughput" : 16.246953696181965,
    "receivedKBytesPerSec" : 9.773558082859463,
    "sentKBytesPerSec" : 5.648354995938261
  },
  "https://cdn.askmeoffers.com/coupon_mini-fill-16.svg" : {
    "transaction" : "https://cdn.askmeoffers.com/coupon_mini-fill-16.svg",
    "sampleCount" : 20,
    "errorCount" : 0,
    "errorPct" : 0.0,
    "meanResTime" : 1559.9,
    "medianResTime" : 1591.5,
    "minResTime" : 733.0,
    "maxResTime" : 2451.0,
    "pct1ResTime" : 2418.7000000000003,
    "pct2ResTime" : 2449.65,
    "pct3ResTime" : 2451.0,
    "throughput" : 7.739938080495356,
    "receivedKBytesPerSec" : 5.993916892414861,
    "sentKBytesPerSec" : 2.7286305147058822
  },
  "Test" : {
    "transaction" : "Test",
    "sampleCount" : 20,
    "errorCount" : 20,
    "errorPct" : 100.0,
    "meanResTime" : 5430.3,
    "medianResTime" : 5439.0,
    "minResTime" : 4529.0,
    "maxResTime" : 6256.0,
    "pct1ResTime" : 6237.8,
    "pct2ResTime" : 6255.4,
    "pct3ResTime" : 6256.0,
    "throughput" : 3.117692907248636,
    "receivedKBytesPerSec" : 9.916333787996882,
    "sentKBytesPerSec" : 5.425516367887763
  },
  "https://cdn.askmeoffers.com/h-16.svg" : {
    "transaction" : "https://cdn.askmeoffers.com/h-16.svg",
    "sampleCount" : 20,
    "errorCount" : 20,
    "errorPct" : 100.0,
    "meanResTime" : 957.6500000000001,
    "medianResTime" : 960.5,
    "minResTime" : 925.0,
    "maxResTime" : 998.0,
    "pct1ResTime" : 990.8,
    "pct2ResTime" : 997.65,
    "pct3ResTime" : 998.0,
    "throughput" : 16.93480101608806,
    "receivedKBytesPerSec" : 10.187341236240474,
    "sentKBytesPerSec" : 5.72211049957663
  },
  "https://cdn.askmeoffers.com/arrowhead_right-16.svg" : {
    "transaction" : "https://cdn.askmeoffers.com/arrowhead_right-16.svg",
    "sampleCount" : 20,
    "errorCount" : 20,
    "errorPct" : 100.0,
    "meanResTime" : 999.5500000000002,
    "medianResTime" : 1003.5,
    "minResTime" : 919.0,
    "maxResTime" : 1066.0,
    "pct1ResTime" : 1064.8,
    "pct2ResTime" : 1065.95,
    "pct3ResTime" : 1066.0,
    "throughput" : 17.937219730941703,
    "receivedKBytesPerSec" : 10.790358744394618,
    "sentKBytesPerSec" : 6.306053811659193
  },
  "Total" : {
    "transaction" : "Total",
    "sampleCount" : 100,
    "errorCount" : 80,
    "errorPct" : 80.0,
    "meanResTime" : 1086.0599999999997,
    "medianResTime" : 963.5,
    "minResTime" : 733.0,
    "maxResTime" : 2451.0,
    "pct1ResTime" : 1640.7000000000007,
    "pct2ResTime" : 2023.1,
    "pct3ResTime" : 2450.73,
    "throughput" : 15.865460891638904,
    "receivedKBytesPerSec" : 10.092540258607013,
    "sentKBytesPerSec" : 5.521924083769633
  },
  "https://cdn.askmeoffers.com/arrowhead_down-16.svg" : {
    "transaction" : "https://cdn.askmeoffers.com/arrowhead_down-16.svg",
    "sampleCount" : 20,
    "errorCount" : 20,
    "errorPct" : 100.0,
    "meanResTime" : 965.8,
    "medianResTime" : 965.5,
    "minResTime" : 923.0,
    "maxResTime" : 1033.0,
    "pct1ResTime" : 1006.9,
    "pct2ResTime" : 1031.7,
    "pct3ResTime" : 1033.0,
    "throughput" : 16.920473773265652,
    "receivedKBytesPerSec" : 10.17872250423012,
    "sentKBytesPerSec" : 5.932080160744501
  }
}